ggbn_unitid,ena_specimen_voucher,ggbn_scietific_name,ena_scientific_name,ggbn_country,ena_country,ggbn_collection_date,ena_collection_date,ggbn_collector,ena_collector
20170041,NHMUK 20170041,Vesicomya galatheae,Vesicomya galatheae,Unknown or unspecified country,,\N,,Adrian Glover | Helena Wiklund | Thomas Dahlgren | Maggie Georgieva,
20170041,NHMUK 20170041,Vesicomya galatheae,Vesicomya galatheae,Unknown or unspecified country,,\N,,Adrian Glover | Helena Wiklund | Thomas Dahlgren | Maggie Georgieva,
20170041,NHMUK 20170041,Vesicomya galatheae,Vesicomya galatheae,Unknown or unspecified country,,\N,,Adrian Glover | Helena Wiklund | Thomas Dahlgren | Maggie Georgieva,
20170043,NHMUK 20170043,Bathyspinula calcar,Bathyspinula calcar,Unknown or unspecified country,,\N,,Adrian Glover | Helena Wiklund | Thomas Dahlgren | Maggie Georgieva,
20170043,NHMUK 20170043,Bathyspinula calcar,Bathyspinula calcar,Unknown or unspecified country,,\N,,Adrian Glover | Helena Wiklund | Thomas Dahlgren | Maggie Georgieva,
20170042,NHMUK 20170042,Vesicomya galatheae,Vesicomya galatheae,Unknown or unspecified country,,\N,,Adrian Glover | Helena Wiklund | Thomas Dahlgren | Maggie Georgieva,
20170042,NHMUK 20170042,Vesicomya galatheae,Vesicomya galatheae,Unknown or unspecified country,,\N,,Adrian Glover | Helena Wiklund | Thomas Dahlgren | Maggie Georgieva,
20170044,NHMUK 20170044,Bathyspinula calcar,Bathyspinula calcar,Unknown or unspecified country,,\N,,Adrian Glover | Helena Wiklund | Thomas Dahlgren | Maggie Georgieva,
20170044,NHMUK 20170044,Bathyspinula calcar,Bathyspinula calcar,Unknown or unspecified country,,\N,,Adrian Glover | Helena Wiklund | Thomas Dahlgren | Maggie Georgieva,
20170053,NHMUK 20170053,Nucula profundorum,Nucula profundorum,Unknown or unspecified country,,\N,,Adrian Glover | Helena Wiklund | Thomas Dahlgren | Maggie Georgieva,
20170053,NHMUK 20170053,Nucula profundorum,Nucula profundorum,Unknown or unspecified country,,\N,,Adrian Glover | Helena Wiklund | Thomas Dahlgren | Maggie Georgieva,
20170047,NHMUK 20170047,Ledella knudseni,Ledella knudseni,Unknown or unspecified country,,\N,,Adrian Glover | Helena Wiklund | Thomas Dahlgren | Maggie Georgieva,
20170046,NHMUK 20170046,Bathyspinula calcar,Bathyspinula calcar,Unknown or unspecified country,,\N,,Adrian Glover | Helena Wiklund | Thomas Dahlgren | Maggie Georgieva,
20170072,NHMUK 20170072,Veleropilina oligotropha,Veleropilina oligotropha,Unknown or unspecified country,,\N,,Adrian Glover | Helena Wiklund | Thomas Dahlgren | Maggie Georgieva,
20170072,NHMUK 20170072,Veleropilina oligotropha,Veleropilina oligotropha,Unknown or unspecified country,,\N,,Adrian Glover | Helena Wiklund | Thomas Dahlgren | Maggie Georgieva,
20170072,NHMUK 20170072,Veleropilina oligotropha,Veleropilina oligotropha,Unknown or unspecified country,,\N,,Adrian Glover | Helena Wiklund | Thomas Dahlgren | Maggie Georgieva,
20170045,NHMUK 20170045,Bathyspinula calcar,Bathyspinula calcar,Unknown or unspecified country,,\N,,Adrian Glover | Helena Wiklund | Thomas Dahlgren | Maggie Georgieva,
20170040,NHMUK 20170040,Vesicomya galatheae,Vesicomya galatheae,Unknown or unspecified country,,\N,,Adrian Glover | Helena Wiklund | Thomas Dahlgren | Maggie Georgieva,
20170048,NHMUK 20170048,Ledella knudseni,Ledella knudseni,Unknown or unspecified country,,\N,,Adrian Glover | Helena Wiklund | Thomas Dahlgren | Maggie Georgieva,
20170048,NHMUK 20170048,Ledella knudseni,Ledella knudseni,Unknown or unspecified country,,\N,,Adrian Glover | Helena Wiklund | Thomas Dahlgren | Maggie Georgieva,
20170051,NHMUK 20170051,Nucula profundorum,Nucula profundorum,Unknown or unspecified country,,\N,,Adrian Glover | Helena Wiklund | Thomas Dahlgren | Maggie Georgieva,
20170051,NHMUK 20170051,Nucula profundorum,Nucula profundorum,Unknown or unspecified country,,\N,,Adrian Glover | Helena Wiklund | Thomas Dahlgren | Maggie Georgieva,
20170051,NHMUK 20170051,Nucula profundorum,Nucula profundorum,Unknown or unspecified country,,\N,,Adrian Glover | Helena Wiklund | Thomas Dahlgren | Maggie Georgieva,
20170052,NHMUK 20170052,Nucula profundorum,Nucula profundorum,Unknown or unspecified country,,\N,,Adrian Glover | Helena Wiklund | Thomas Dahlgren | Maggie Georgieva,
TIS-C1503,C1503,Crocus cyprius,Crocus cyprius,Cyprus,,04.03.2004,,G. Petersen & J. Petersen,
TIS-C1503,C1503,Crocus cyprius,Crocus cyprius,Cyprus,,04.03.2004,,G. Petersen & J. Petersen,
TIS-C1503,C1503,Crocus cyprius,Crocus cyprius,Cyprus,,04.03.2004,,G. Petersen & J. Petersen,
TIS-C1503,C1503,Crocus cyprius,Crocus cyprius,Cyprus,,04.03.2004,,G. Petersen & J. Petersen,
TIS-C1503,C1503,Crocus cyprius,Crocus cyprius,Cyprus,,04.03.2004,,G. Petersen & J. Petersen,
TIS-C1503,C1503,Crocus cyprius,Crocus cyprius,Cyprus,,04.03.2004,,G. Petersen & J. Petersen,
TIS-C1512,C1512,Romulea tempskyana,Romulea tempskyana,Cyprus,,02.03.2004,,G. Petersen & J. Petersen,
TIS-C1512,C1512,Romulea tempskyana,Romulea tempskyana,Cyprus,,02.03.2004,,G. Petersen & J. Petersen,
TIS-C1512,C1512,Romulea tempskyana,Romulea tempskyana,Cyprus,,02.03.2004,,G. Petersen & J. Petersen,
TIS-C1512,C1512,Romulea tempskyana,Romulea tempskyana,Cyprus,,02.03.2004,,G. Petersen & J. Petersen,
TIS-C1512,C1512,Romulea tempskyana,Romulea tempskyana,Cyprus,,02.03.2004,,G. Petersen & J. Petersen,
TIS-C1512,C1512,Romulea tempskyana,Romulea tempskyana,Cyprus,,02.03.2004,,G. Petersen & J. Petersen,
TIS-C2639,C2639,Halodule pinifolia,Halodule pinifolia,Thailand,,15.12.2010,,A. Chamnansinp,
TIS-C2639,C2639,Halodule pinifolia,Halodule pinifolia,Thailand,,15.12.2010,,A. Chamnansinp,
TIS-C2639,C2639,Halodule pinifolia,Halodule pinifolia,Thailand,,15.12.2010,,A. Chamnansinp,
TIS-C2639,C2639,Halodule pinifolia,Halodule pinifolia,Thailand,,15.12.2010,,A. Chamnansinp,
TIS-C2639,C2639,Halodule pinifolia,Halodule pinifolia,Thailand,,15.12.2010,,A. Chamnansinp,
TIS-C2639,C2639,Halodule pinifolia,Halodule pinifolia,Thailand,,15.12.2010,,A. Chamnansinp,
TIS-C2544,C2544,Zostera marina,Zostera marina,Denmark,Denmark,06.09.2009,06-Sep-2009,A. Cuenca,A. Cuenca
TIS-C2574,C2574,Cymodocea nodosa,Cymodocea nodosa,Spain,,15.04.2010,,A. J?rgensen,
TIS-C2574,C2574,Cymodocea nodosa,Cymodocea nodosa,Spain,,15.04.2010,,A. J?rgensen,
TIS-C2574,C2574,Cymodocea nodosa,Cymodocea nodosa,Spain,,15.04.2010,,A. J?rgensen,
TIS-C2574,C2574,Cymodocea nodosa,Cymodocea nodosa,Spain,,15.04.2010,,A. J?rgensen,
TIS-C2574,C2574,Cymodocea nodosa,Cymodocea nodosa,Spain,,15.04.2010,,A. J?rgensen,
TIS-C2348,C2348,Cymodocea rotundata,Cymodocea rotundata,Solomon Islands,,01.07.2007,,A. Redsted Rasmussen,
TIS-C2348,C2348,Cymodocea rotundata,Cymodocea rotundata,Solomon Islands,,01.07.2007,,A. Redsted Rasmussen,
TIS-C2348,C2348,Cymodocea rotundata,Cymodocea rotundata,Solomon Islands,,01.07.2007,,A. Redsted Rasmussen,
TIS-C2348,C2348,Cymodocea rotundata,Cymodocea rotundata,Solomon Islands,,01.07.2007,,A. Redsted Rasmussen,
TIS-C2348,C2348,Cymodocea rotundata,Cymodocea rotundata,Solomon Islands,,01.07.2007,,A. Redsted Rasmussen,
TIS-C2348,C2348,Cymodocea rotundata,Cymodocea rotundata,Solomon Islands,,01.07.2007,,A. Redsted Rasmussen,
TIS-C864,C864,Halophila ovalis,Halophila ovalis,Thailand,,"19.12.2000, Halophila cfr. ovalis",,A. Redsted Rasmussen,
TIS-C520,C520,Philesia magellanica,Philesia magellanica,Argentina,,31.03.1999,,A. Rizzetto,
TIS-C520,C520,Philesia magellanica,Philesia magellanica,Argentina,,31.03.1999,,A. Rizzetto,
TIS-C520,C520,Philesia magellanica,Philesia magellanica,Argentina,,31.03.1999,,A. Rizzetto,
TIS-C1611,C1611,Crocus hadriaticus,Crocus hadriaticus,Greece,,\N,,A. Strid,
TIS-C1611,C1611,Crocus hadriaticus,Crocus hadriaticus,Greece,,\N,,A. Strid,
TIS-C1611,C1611,Crocus hadriaticus,Crocus hadriaticus,Greece,,\N,,A. Strid,
TIS-C1611,C1611,Crocus hadriaticus,Crocus hadriaticus,Greece,,\N,,A. Strid,
TIS-C1611,C1611,Crocus hadriaticus,Crocus hadriaticus,Greece,,\N,,A. Strid,
TIS-C1611,C1611,Crocus hadriaticus,Crocus hadriaticus,Greece,,\N,,A. Strid,
TIS-C1611,C1611,Crocus hadriaticus,Crocus hadriaticus,Greece,,\N,,A. Strid,
TIS-C1626,C1626,Crocus boryi,Crocus boryi,Unknown or unspecified country,,\N,,A. Strid,
TIS-C1626,C1626,Crocus boryi,Crocus boryi,Unknown or unspecified country,,\N,,A. Strid,
TIS-C1626,C1626,Crocus boryi,Crocus boryi,Unknown or unspecified country,,\N,,A. Strid,
TIS-C1626,C1626,Crocus boryi,Crocus boryi,Unknown or unspecified country,,\N,,A. Strid,
TIS-C1626,C1626,Crocus boryi,Crocus boryi,Unknown or unspecified country,,\N,,A. Strid,
TIS-C1626,C1626,Crocus boryi,Crocus boryi,Unknown or unspecified country,,\N,,A. Strid,
TIS-C1613,C1613,Crocus melantherus,Crocus melantherus,Unknown or unspecified country,,\N,,A. Strid,
TIS-C1613,C1613,Crocus melantherus,Crocus melantherus,Unknown or unspecified country,,\N,,A. Strid,
TIS-C1613,C1613,Crocus melantherus,Crocus melantherus,Unknown or unspecified country,,\N,,A. Strid,
TIS-C1613,C1613,Crocus melantherus,Crocus melantherus,Unknown or unspecified country,,\N,,A. Strid,
TIS-C1613,C1613,Crocus melantherus,Crocus melantherus,Unknown or unspecified country,,\N,,A. Strid,
TIS-C1613,C1613,Crocus melantherus,Crocus melantherus,Unknown or unspecified country,,\N,,A. Strid,
TIS-C1793,C1793,Petrosavia stellaris,Petrosavia stellaris,Malaysia,,15.04.2004,,Anonymous,
TIS-C1793,C1793,Petrosavia stellaris,Petrosavia stellaris,Malaysia,,15.04.2004,,Anonymous,
345686,345686,Brachypteracias leptosomus,Brachypteracias leptosomus,Madagascar,,\N,,\N,
345686,345686,Brachypteracias leptosomus,Brachypteracias leptosomus,Madagascar,,\N,,\N,
345686,FMNH 345686,Brachypteracias leptosomus,Brachypteracias leptosomus,Madagascar,,\N,,\N,
345686,FMNH 345686,Brachypteracias leptosomus,Brachypteracias leptosomus,Madagascar,,\N,,\N,
345686,FMNH 345686,Brachypteracias leptosomus,Brachypteracias leptosomus,Madagascar,,\N,,\N,
345686,FMNH 345686,Brachypteracias leptosomus,Brachypteracias leptosomus,Madagascar,,\N,,\N,
TIS-C1886,C1886,Crocus thomasii,Crocus thomasii,Unknown or unspecified Europe,,\N,,B. Mathew,
TIS-C1886,C1886,Crocus thomasii,Crocus thomasii,Unknown or unspecified Europe,,\N,,B. Mathew,
TIS-C1886,C1886,Crocus thomasii,Crocus thomasii,Unknown or unspecified Europe,,\N,,B. Mathew,
TIS-C1886,C1886,Crocus thomasii,Crocus thomasii,Unknown or unspecified Europe,,\N,,B. Mathew,
TIS-C1886,C1886,Crocus thomasii,Crocus thomasii,Unknown or unspecified Europe,,\N,,B. Mathew,
TIS-C1886,C1886,Crocus thomasii,Crocus thomasii,Unknown or unspecified Europe,,\N,,B. Mathew,
TIS-C1886,C1886,Crocus thomasii,Crocus thomasii,Unknown or unspecified Europe,,\N,,B. Mathew,
59726,UWBM 59726,Panurus biarmicus,Panurus biarmicus,Mongolia,"Mongolia:Dornod, Tashigay Nuur",\N,30-May-1998,Boldbaatar,C. A. Gebhard
51072,LSUMNS B-51072,Pitta sordida,Pitta sordida,Malaysia,Malaysia,\N,,\N,
51072,LSUMNS B-51072,Pitta sordida,Pitta sordida,Malaysia,Malaysia,\N,,\N,
51072,LSUMNS B-51072,Pitta sordida,Pitta sordida,Malaysia,Malaysia,\N,,\N,
2333,LSUMNS 2333,Sapayoa aenigma,Sapayoa aenigma,Panama,,\N,,\N,
2333,LSUMNS 2333,Sapayoa aenigma,Sapayoa aenigma,Panama,,\N,,\N,
2333,LSUMZ:2333,Sapayoa aenigma,Sapayoa aenigma,Panama,,\N,,\N,
2333,LSUMNS 2333,Sapayoa aenigma,Sapayoa aenigma,Panama,,\N,,\N,
2333,LSUMNS 2333,Sapayoa aenigma,Sapayoa aenigma,Panama,,\N,,\N,
61504,UWBM:61504,Tichodroma muraria,Tichodroma muraria,Russian Federation,,\N,,S. V. Drovetskiy,
61504,UWBM 61504,Tichodroma muraria,Tichodroma muraria,Russian Federation,,\N,,S. V. Drovetskiy,
61504,UWBM:61504,Tichodroma muraria,Tichodroma muraria,Russian Federation,,\N,,S. V. Drovetskiy,
61504,UWBM:61504,Tichodroma muraria,Tichodroma muraria,Russian Federation,,\N,,S. V. Drovetskiy,
61504,UWBM 61504,Tichodroma muraria,Tichodroma muraria,Russian Federation,"Russia:Krasnodarskiy Kray, Apsheronskiy Rayon, Apsheronsk",\N,15-Jul-1998,S. V. Drovetskiy,S. V. Drovetskiy
61504,UWBM:61504,Tichodroma muraria,Tichodroma muraria,Russian Federation,,\N,,S. V. Drovetskiy,
61504,UWBM:61504,Tichodroma muraria,Tichodroma muraria,Russian Federation,,\N,,S. V. Drovetskiy,
TIS-C2725,C2725,Cycnogeton procerum,Cycnogeton procerum,Unknown or unspecified country,,\N,,Conran,
TIS-C2725,C2725,Cycnogeton procerum,Cycnogeton procerum,Unknown or unspecified country,,\N,,Conran,
TIS-C2725,C2725,Cycnogeton procerum,Cycnogeton procerum,Unknown or unspecified country,,\N,,Conran,
TIS-C2725,C2725,Cycnogeton procerum,Cycnogeton procerum,Unknown or unspecified country,,\N,,Conran,
TIS-C2725,C2725,Cycnogeton procerum,Cycnogeton procerum,Unknown or unspecified country,,\N,,Conran,
TIS-C2725,C2725,Cycnogeton procerum,Cycnogeton procerum,Unknown or unspecified country,,\N,,Conran,
TIS-C2725,C2725,Cycnogeton procerum,Cycnogeton procerum,Unknown or unspecified country,,\N,,Conran,
TIS-C2373,C2373,Ranalisma humile,Ranalisma humile,Unknown or unspecified country,,\N,,D. Les,
TIS-C2373,C2373,Ranalisma humile,Ranalisma humile,Unknown or unspecified country,,\N,,D. Les,
TIS-C2373,C2373,Ranalisma humile,Ranalisma humile,Unknown or unspecified country,,\N,,D. Les,
TIS-C2373,C2373,Ranalisma humile,Ranalisma humile,Unknown or unspecified country,,\N,,D. Les,
TIS-C2373,C2373,Ranalisma humile,Ranalisma humile,Unknown or unspecified country,,\N,,D. Les,
TIS-C2373,C2373,Ranalisma humile,Ranalisma humile,Unknown or unspecified country,,\N,,D. Les,
TIS-C753,C753,Agave bracteosa,Agave bracteosa,Mexico,,\N,,D. S.Verity,
TIS-C2450,C2450,Symplocarpus foetidus,Symplocarpus foetidus,United States,,\N,,Davis & Davis,
TIS-C2450,C2450,Symplocarpus foetidus,Symplocarpus foetidus,United States,,\N,,Davis & Davis,
TIS-C2450,C2450,Symplocarpus foetidus,Symplocarpus foetidus,United States,,\N,,Davis & Davis,
TIS-C2450,C2450,Symplocarpus foetidus,Symplocarpus foetidus,United States,,\N,,Davis & Davis,
TIS-C2450,C2450,Symplocarpus foetidus,Symplocarpus foetidus,United States,,\N,,Davis & Davis,
TIS-C2766,C2766,Aristolochia labiata,Aristolochia labiata,Brazil,,17.04.2012,,E. Kofoed,
TIS-C2766,C2766,Aristolochia labiata,Aristolochia labiata,Brazil,,17.04.2012,,E. Kofoed,
TIS-C1565,C1565,Crocus korolkowii,Crocus korolkowii,Unknown or unspecified country,,\N,,EP,
TIS-C1565,C1565,Crocus korolkowii,Crocus korolkowii,Unknown or unspecified country,,\N,,EP,
TIS-C1565,C1565,Crocus korolkowii,Crocus korolkowii,Unknown or unspecified country,,\N,,EP,
TIS-C1565,C1565,Crocus korolkowii,Crocus korolkowii,Unknown or unspecified country,,\N,,EP,
TIS-C1565,C1565,Crocus korolkowii,Crocus korolkowii,Unknown or unspecified country,,\N,,EP,
TIS-C1565,C1565,Crocus korolkowii,Crocus korolkowii,Unknown or unspecified country,,\N,,EP,
TIS-C2611,C2611,Syringodium filiforme,Syringodium filiforme,Belize,,\N,,F.  Short,
TIS-C2611,C2611,Syringodium filiforme,Syringodium filiforme,Belize,,\N,,F.  Short,
TIS-C2611,C2611,Syringodium filiforme,Syringodium filiforme,Belize,,\N,,F.  Short,
TIS-C2611,C2611,Syringodium filiforme,Syringodium filiforme,Belize,,\N,,F.  Short,
TIS-C2611,C2611,Syringodium filiforme,Syringodium filiforme,Belize,,\N,,F.  Short,
TIS-C847,C847,Medeola virginiana,Medeola virginiana,United States,,29.07.2000,,F. Case,
TIS-C847,C847,Medeola virginiana,Medeola virginiana,United States,,29.07.2000,,F. Case,
TIS-C847,C847,Medeola virginiana,Medeola virginiana,United States,,29.07.2000,,F. Case,
TIS-C1170,C1170,Dioscorea communis,Dioscorea communis,Portugal,,09.04.2001,,F. N. & H. Rasmussen,
TIS-C1170,C1170,Dioscorea communis,Dioscorea communis,Portugal,,09.04.2001,,F. N. & H. Rasmussen,
TIS-C1170,C1170,Dioscorea communis,Dioscorea communis,Portugal,,09.04.2001,,F. N. & H. Rasmussen,
TIS-C1170,C1170,Dioscorea communis,Dioscorea communis,Portugal,,09.04.2001,,F. N. & H. Rasmussen,
TIS-C243,C243,Freycinetia excelsa,Freycinetia excelsa,Australia,,25.10.1998,,F. N. Rasmussen & al.,
TIS-C243,C243,Freycinetia excelsa,Freycinetia excelsa,Australia,,25.10.1998,,F. N. Rasmussen & al.,
TIS-C243,C243,Freycinetia excelsa,Freycinetia excelsa,Australia,,25.10.1998,,F. N. Rasmussen & al.,
TIS-C245,C245,Ottelia ovalifolia,Ottelia ovalifolia,Australia,,26.09.1998,,F. N. Rasmussen & al.,
TIS-C245,C245,Ottelia ovalifolia,Ottelia ovalifolia,Australia,,26.09.1998,,F. N. Rasmussen & al.,
TIS-C245,C245,Ottelia ovalifolia,Ottelia ovalifolia,Australia,,26.09.1998,,F. N. Rasmussen & al.,
TIS-C245,C245,Ottelia ovalifolia,Ottelia ovalifolia,Australia,,26.09.1998,,F. N. Rasmussen & al.,
TIS-C245,C245,Ottelia ovalifolia,Ottelia ovalifolia,Australia,,26.09.1998,,F. N. Rasmussen & al.,
TIS-C245,C245,Ottelia ovalifolia,Ottelia ovalifolia,Australia,,26.09.1998,,F. N. Rasmussen & al.,
TIS-C245,C245,Ottelia ovalifolia,Ottelia ovalifolia,Australia,,26.09.1998,,F. N. Rasmussen & al.,
TIS-C246,C246,Albidella oligococca,Albidella oligococca,Australia,,26.09.1998,,F. N. Rasmussen & al.,
TIS-C246,C246,Albidella oligococca,Albidella oligococca,Australia,,26.09.1998,,F. N. Rasmussen & al.,
TIS-C246,C246,Albidella oligococca,Albidella oligococca,Australia,,26.09.1998,,F. N. Rasmussen & al.,
TIS-C246,C246,Albidella oligococca,Albidella oligococca,Australia,,26.09.1998,,F. N. Rasmussen & al.,
TIS-C246,C246,Albidella oligococca,Albidella oligococca,Australia,,26.09.1998,,F. N. Rasmussen & al.,
TIS-C246,C246,Albidella oligococca,Albidella oligococca,Australia,,26.09.1998,,F. N. Rasmussen & al.,
TIS-C2607,C2607,Syringodium isoetifolium,Syringodium isoetifolium,Palau,,\N,,F. Short,
TIS-C2607,C2607,Syringodium isoetifolium,Syringodium isoetifolium,Palau,,\N,,F. Short,
TIS-C2609,C2609,Zostera marina,Zostera marina,United States,,\N,,F. Short,
TIS-C2602,C2602,Halodule pinifolia,Halodule pinifolia,Philippines,,28.04.2010,,Fred Short,
TIS-C2602,C2602,Halodule pinifolia,Halodule pinifolia,Philippines,,28.04.2010,,Fred Short,
TIS-C2602,C2602,Halodule pinifolia,Halodule pinifolia,Philippines,,28.04.2010,,Fred Short,
TIS-C2602,C2602,Halodule pinifolia,Halodule pinifolia,Philippines,,28.04.2010,,Fred Short,
TIS-C2602,C2602,Halodule pinifolia,Halodule pinifolia,Philippines,,28.04.2010,,Fred Short,
TIS-C2602,C2602,Halodule pinifolia,Halodule pinifolia,Philippines,,28.04.2010,,Fred Short,
TIS-C2602,C2602,Halodule pinifolia,Halodule pinifolia,Philippines,,28.04.2010,,Fred Short,
TIS-C2633,C2633,Cymodocea rotundata,Cymodocea rotundata,Thailand,,01.12.2010,,Fred Short,
TIS-C2633,C2633,Cymodocea rotundata,Cymodocea rotundata,Thailand,,01.12.2010,,Fred Short,
TIS-C2633,C2633,Cymodocea rotundata,Cymodocea rotundata,Thailand,,01.12.2010,,Fred Short,
TIS-C2633,C2633,Cymodocea rotundata,Cymodocea rotundata,Thailand,,01.12.2010,,Fred Short,
TIS-C2633,C2633,Cymodocea rotundata,Cymodocea rotundata,Thailand,,01.12.2010,,Fred Short,
TIS-C2633,C2633,Cymodocea rotundata,Cymodocea rotundata,Thailand,,01.12.2010,,Fred Short,
TIS-C2634,C2634,Cymodocea rotundata,Cymodocea rotundata,Thailand,,20.11.2010,,Fred Short,
TIS-C2634,C2634,Cymodocea rotundata,Cymodocea rotundata,Thailand,,20.11.2010,,Fred Short,
TIS-C2634,C2634,Cymodocea rotundata,Cymodocea rotundata,Thailand,,20.11.2010,,Fred Short,
TIS-C2634,C2634,Cymodocea rotundata,Cymodocea rotundata,Thailand,,20.11.2010,,Fred Short,
TIS-C2634,C2634,Cymodocea rotundata,Cymodocea rotundata,Thailand,,20.11.2010,,Fred Short,
TIS-C2634,C2634,Cymodocea rotundata,Cymodocea rotundata,Thailand,,20.11.2010,,Fred Short,
TIS-C2831,C2831,Amphibolis antarctica,Amphibolis antarctica,Australia,,12.03.2012,,G. Kendrick,
TIS-C2831,C2831,Amphibolis antarctica,Amphibolis antarctica,Australia,,12.03.2012,,G. Kendrick,
TIS-C2831,C2831,Amphibolis antarctica,Amphibolis antarctica,Australia,,12.03.2012,,G. Kendrick,
TIS-C2831,C2831,Amphibolis antarctica,Amphibolis antarctica,Australia,,12.03.2012,,G. Kendrick,
TIS-C2831,C2831,Amphibolis antarctica,Amphibolis antarctica,Australia,,12.03.2012,,G. Kendrick,
TIS-C2831,C2831,Amphibolis antarctica,Amphibolis antarctica,Australia,,12.03.2012,,G. Kendrick,
TIS-C2832,C2832,Amphibolis griffithii,Amphibolis griffithii,Australia,,12.03.2012,,G. Kendrick,
TIS-C1580,C1580,Crocus minimus,Crocus minimus,Unknown or unspecified country,,\N,,G. Petersen,
TIS-C1580,C1580,Crocus minimus,Crocus minimus,Unknown or unspecified country,,\N,,G. Petersen,
TIS-C1580,C1580,Crocus minimus,Crocus minimus,Unknown or unspecified country,,\N,,G. Petersen,
TIS-C1580,C1580,Crocus minimus,Crocus minimus,Unknown or unspecified country,,\N,,G. Petersen,
TIS-C1580,C1580,Crocus minimus,Crocus minimus,Unknown or unspecified country,,\N,,G. Petersen,
TIS-C1580,C1580,Crocus minimus,Crocus minimus,Unknown or unspecified country,,\N,,G. Petersen,
TIS-C2447,C2447,Hydrocharis morsus-ranae,Hydrocharis morsus-ranae,Denmark,,07.09.2008,,G. Petersen,
TIS-C522,C522,Scheuchzeria palustris,Scheuchzeria palustris,Denmark,,01.08.1999,,G. Petersen,
TIS-C522,C522,Scheuchzeria palustris,Scheuchzeria palustris,Denmark,,01.08.1999,,G. Petersen,
TIS-C522,C522,Scheuchzeria palustris,Scheuchzeria palustris,Denmark,,01.08.1999,,G. Petersen,
TIS-C522,C522,Scheuchzeria palustris,Scheuchzeria palustris,Denmark,,01.08.1999,,G. Petersen,
TIS-C522,C522,Scheuchzeria palustris,Scheuchzeria palustris,Denmark,,01.08.1999,,G. Petersen,
TIS-C522,C522,Scheuchzeria palustris,Scheuchzeria palustris,Denmark,,01.08.1999,,G. Petersen,
TIS-C522,C522,Scheuchzeria palustris,Scheuchzeria palustris,Denmark,,01.08.1999,,G. Petersen,
TIS-C522,C522,Scheuchzeria palustris,Scheuchzeria palustris,Denmark,,01.08.1999,,G. Petersen,
TIS-C522,C522,Scheuchzeria palustris,Scheuchzeria palustris,Denmark,,01.08.1999,,G. Petersen,
TIS-C524,C524,Hydrocharis morsus-ranae,Hydrocharis morsus-ranae,Denmark,,01.08.1999,,G. Petersen,
TIS-C524,C524,Hydrocharis morsus-ranae,Hydrocharis morsus-ranae,Denmark,,01.08.1999,,G. Petersen,
TIS-C524,C524,Hydrocharis morsus-ranae,Hydrocharis morsus-ranae,Denmark,,01.08.1999,,G. Petersen,
TIS-C524,C524,Hydrocharis morsus-ranae,Hydrocharis morsus-ranae,Denmark,,01.08.1999,,G. Petersen,
TIS-C913,C913,Gagea spathacea,Gagea spathacea,Denmark,,06.05.2001,,G. Petersen,
TIS-C368,C368,Crocus corsicus,Crocus corsicus,France,,\N,,G. Petersen,
TIS-C368,C368,Crocus corsicus,Crocus corsicus,France,,\N,,G. Petersen,
TIS-C368,C368,Crocus corsicus,Crocus corsicus,France,,\N,,G. Petersen,
TIS-C368,C368,Crocus corsicus,Crocus corsicus,France,,\N,,G. Petersen,
TIS-C368,C368,Crocus corsicus,Crocus corsicus,France,,\N,,G. Petersen,
TIS-C368,C368,Crocus corsicus,Crocus corsicus,France,,\N,,G. Petersen,
TIS-C368,C368,Crocus corsicus,Crocus corsicus,France,,\N,,G. Petersen,
TIS-C368,C368,Crocus corsicus,Crocus corsicus,France,,\N,,G. Petersen,
TIS-C2059,C2059,Gagea graeca,Gagea graeca,Greece,,03.05.2006,,G. Petersen & J. Petersen,
TIS-C2059,C2059,Gagea graeca,Gagea graeca,Greece,,03.05.2006,,G. Petersen & J. Petersen,
TIS-C2059,C2059,Gagea graeca,Gagea graeca,Greece,,03.05.2006,,G. Petersen & J. Petersen,
TIS-C2504,C2504,Erythronium dens-canis,Erythronium dens-canis,France,,03.05.2009,,G. Petersen & J. Petersen,
DNA-C1170,C1170,Dioscorea communis,Dioscorea communis,Portugal,,09.04.2001,,F. N. & H. Rasmussen,
DNA-C1170,C1170,Dioscorea communis,Dioscorea communis,Portugal,,09.04.2001,,F. N. & H. Rasmussen,
DNA-C1170,C1170,Dioscorea communis,Dioscorea communis,Portugal,,09.04.2001,,F. N. & H. Rasmussen,
DNA-C1170,C1170,Dioscorea communis,Dioscorea communis,Portugal,,09.04.2001,,F. N. & H. Rasmussen,
DNA-C1503,C1503,Crocus cyprius,Crocus cyprius,Cyprus,,04.03.2004,,G. Petersen & J. Petersen,
DNA-C1503,C1503,Crocus cyprius,Crocus cyprius,Cyprus,,04.03.2004,,G. Petersen & J. Petersen,
DNA-C1503,C1503,Crocus cyprius,Crocus cyprius,Cyprus,,04.03.2004,,G. Petersen & J. Petersen,
DNA-C1503,C1503,Crocus cyprius,Crocus cyprius,Cyprus,,04.03.2004,,G. Petersen & J. Petersen,
DNA-C1503,C1503,Crocus cyprius,Crocus cyprius,Cyprus,,04.03.2004,,G. Petersen & J. Petersen,
DNA-C1503,C1503,Crocus cyprius,Crocus cyprius,Cyprus,,04.03.2004,,G. Petersen & J. Petersen,
DNA-C1512,C1512,Romulea tempskyana,Romulea tempskyana,Cyprus,,02.03.2004,,G. Petersen & J. Petersen,
DNA-C1512,C1512,Romulea tempskyana,Romulea tempskyana,Cyprus,,02.03.2004,,G. Petersen & J. Petersen,
DNA-C1512,C1512,Romulea tempskyana,Romulea tempskyana,Cyprus,,02.03.2004,,G. Petersen & J. Petersen,
DNA-C1512,C1512,Romulea tempskyana,Romulea tempskyana,Cyprus,,02.03.2004,,G. Petersen & J. Petersen,
DNA-C1512,C1512,Romulea tempskyana,Romulea tempskyana,Cyprus,,02.03.2004,,G. Petersen & J. Petersen,
DNA-C1512,C1512,Romulea tempskyana,Romulea tempskyana,Cyprus,,02.03.2004,,G. Petersen & J. Petersen,
DNA-C1565,C1565,Crocus korolkowii,Crocus korolkowii,Unknown or unspecified country,,\N,,EP,
DNA-C1565,C1565,Crocus korolkowii,Crocus korolkowii,Unknown or unspecified country,,\N,,EP,
DNA-C1565,C1565,Crocus korolkowii,Crocus korolkowii,Unknown or unspecified country,,\N,,EP,
DNA-C1565,C1565,Crocus korolkowii,Crocus korolkowii,Unknown or unspecified country,,\N,,EP,
DNA-C1565,C1565,Crocus korolkowii,Crocus korolkowii,Unknown or unspecified country,,\N,,EP,
DNA-C1565,C1565,Crocus korolkowii,Crocus korolkowii,Unknown or unspecified country,,\N,,EP,
DNA-C1580,C1580,Crocus minimus,Crocus minimus,Unknown or unspecified country,,\N,,G. Petersen,
DNA-C1580,C1580,Crocus minimus,Crocus minimus,Unknown or unspecified country,,\N,,G. Petersen,
DNA-C1580,C1580,Crocus minimus,Crocus minimus,Unknown or unspecified country,,\N,,G. Petersen,
DNA-C1580,C1580,Crocus minimus,Crocus minimus,Unknown or unspecified country,,\N,,G. Petersen,
DNA-C1580,C1580,Crocus minimus,Crocus minimus,Unknown or unspecified country,,\N,,G. Petersen,
DNA-C1580,C1580,Crocus minimus,Crocus minimus,Unknown or unspecified country,,\N,,G. Petersen,
DNA-C1611,C1611,Crocus hadriaticus,Crocus hadriaticus,Greece,,\N,,A. Strid,
DNA-C1611,C1611,Crocus hadriaticus,Crocus hadriaticus,Greece,,\N,,A. Strid,
DNA-C1611,C1611,Crocus hadriaticus,Crocus hadriaticus,Greece,,\N,,A. Strid,
DNA-C1611,C1611,Crocus hadriaticus,Crocus hadriaticus,Greece,,\N,,A. Strid,
DNA-C1611,C1611,Crocus hadriaticus,Crocus hadriaticus,Greece,,\N,,A. Strid,
DNA-C1611,C1611,Crocus hadriaticus,Crocus hadriaticus,Greece,,\N,,A. Strid,
DNA-C1611,C1611,Crocus hadriaticus,Crocus hadriaticus,Greece,,\N,,A. Strid,
DNA-C1626,C1626,Crocus boryi,Crocus boryi,Unknown or unspecified country,,\N,,A. Strid,
DNA-C1626,C1626,Crocus boryi,Crocus boryi,Unknown or unspecified country,,\N,,A. Strid,
DNA-C1626,C1626,Crocus boryi,Crocus boryi,Unknown or unspecified country,,\N,,A. Strid,
DNA-C1626,C1626,Crocus boryi,Crocus boryi,Unknown or unspecified country,,\N,,A. Strid,
DNA-C1626,C1626,Crocus boryi,Crocus boryi,Unknown or unspecified country,,\N,,A. Strid,
DNA-C1626,C1626,Crocus boryi,Crocus boryi,Unknown or unspecified country,,\N,,A. Strid,
DNA-C1793,C1793,Petrosavia stellaris,Petrosavia stellaris,Malaysia,,15.04.2004,,Anonymous,
DNA-C1793,C1793,Petrosavia stellaris,Petrosavia stellaris,Malaysia,,15.04.2004,,Anonymous,
DNA-C1886,C1886,Crocus thomasii,Crocus thomasii,Unknown or unspecified Europe,,\N,,B. Mathew,
DNA-C1886,C1886,Crocus thomasii,Crocus thomasii,Unknown or unspecified Europe,,\N,,B. Mathew,
DNA-C1886,C1886,Crocus thomasii,Crocus thomasii,Unknown or unspecified Europe,,\N,,B. Mathew,
DNA-C1886,C1886,Crocus thomasii,Crocus thomasii,Unknown or unspecified Europe,,\N,,B. Mathew,
DNA-C1886,C1886,Crocus thomasii,Crocus thomasii,Unknown or unspecified Europe,,\N,,B. Mathew,
DNA-C1886,C1886,Crocus thomasii,Crocus thomasii,Unknown or unspecified Europe,,\N,,B. Mathew,
DNA-C1886,C1886,Crocus thomasii,Crocus thomasii,Unknown or unspecified Europe,,\N,,B. Mathew,
DNA-C2059,C2059,Gagea graeca,Gagea graeca,Greece,,03.05.2006,,G. Petersen & J. Petersen,
DNA-C2059,C2059,Gagea graeca,Gagea graeca,Greece,,03.05.2006,,G. Petersen & J. Petersen,
DNA-C2059,C2059,Gagea graeca,Gagea graeca,Greece,,03.05.2006,,G. Petersen & J. Petersen,
DNA-C2348,C2348,Cymodocea rotundata,Cymodocea rotundata,Solomon Islands,,01.07.2007,,A. Redsted Rasmussen,
DNA-C2348,C2348,Cymodocea rotundata,Cymodocea rotundata,Solomon Islands,,01.07.2007,,A. Redsted Rasmussen,
DNA-C2348,C2348,Cymodocea rotundata,Cymodocea rotundata,Solomon Islands,,01.07.2007,,A. Redsted Rasmussen,
DNA-C2348,C2348,Cymodocea rotundata,Cymodocea rotundata,Solomon Islands,,01.07.2007,,A. Redsted Rasmussen,
DNA-C2348,C2348,Cymodocea rotundata,Cymodocea rotundata,Solomon Islands,,01.07.2007,,A. Redsted Rasmussen,
DNA-C2348,C2348,Cymodocea rotundata,Cymodocea rotundata,Solomon Islands,,01.07.2007,,A. Redsted Rasmussen,
DNA-C2373,C2373,Ranalisma humile,Ranalisma humile,Unknown or unspecified country,,\N,,D. Les,
DNA-C2373,C2373,Ranalisma humile,Ranalisma humile,Unknown or unspecified country,,\N,,D. Les,
DNA-C2373,C2373,Ranalisma humile,Ranalisma humile,Unknown or unspecified country,,\N,,D. Les,
DNA-C2373,C2373,Ranalisma humile,Ranalisma humile,Unknown or unspecified country,,\N,,D. Les,
DNA-C2373,C2373,Ranalisma humile,Ranalisma humile,Unknown or unspecified country,,\N,,D. Les,
DNA-C2373,C2373,Ranalisma humile,Ranalisma humile,Unknown or unspecified country,,\N,,D. Les,
DNA-C243,C243,Freycinetia excelsa,Freycinetia excelsa,Australia,,25.10.1998,,F. N. Rasmussen & al.,
DNA-C243,C243,Freycinetia excelsa,Freycinetia excelsa,Australia,,25.10.1998,,F. N. Rasmussen & al.,
DNA-C243,C243,Freycinetia excelsa,Freycinetia excelsa,Australia,,25.10.1998,,F. N. Rasmussen & al.,
DNA-C2447,C2447,Hydrocharis morsus-ranae,Hydrocharis morsus-ranae,Denmark,,07.09.2008,,G. Petersen,
DNA-C245,C245,Ottelia ovalifolia,Ottelia ovalifolia,Australia,,26.09.1998,,F. N. Rasmussen & al.,
DNA-C245,C245,Ottelia ovalifolia,Ottelia ovalifolia,Australia,,26.09.1998,,F. N. Rasmussen & al.,
DNA-C245,C245,Ottelia ovalifolia,Ottelia ovalifolia,Australia,,26.09.1998,,F. N. Rasmussen & al.,
DNA-C245,C245,Ottelia ovalifolia,Ottelia ovalifolia,Australia,,26.09.1998,,F. N. Rasmussen & al.,
DNA-C245,C245,Ottelia ovalifolia,Ottelia ovalifolia,Australia,,26.09.1998,,F. N. Rasmussen & al.,
DNA-C245,C245,Ottelia ovalifolia,Ottelia ovalifolia,Australia,,26.09.1998,,F. N. Rasmussen & al.,
DNA-C245,C245,Ottelia ovalifolia,Ottelia ovalifolia,Australia,,26.09.1998,,F. N. Rasmussen & al.,
DNA-C2450,C2450,Symplocarpus foetidus,Symplocarpus foetidus,United States,,\N,,Davis & Davis,
DNA-C2450,C2450,Symplocarpus foetidus,Symplocarpus foetidus,United States,,\N,,Davis & Davis,
DNA-C2450,C2450,Symplocarpus foetidus,Symplocarpus foetidus,United States,,\N,,Davis & Davis,
DNA-C2450,C2450,Symplocarpus foetidus,Symplocarpus foetidus,United States,,\N,,Davis & Davis,
DNA-C2450,C2450,Symplocarpus foetidus,Symplocarpus foetidus,United States,,\N,,Davis & Davis,
DNA-C246,C246,Albidella oligococca,Albidella oligococca,Australia,,26.09.1998,,F. N. Rasmussen & al.,
DNA-C246,C246,Albidella oligococca,Albidella oligococca,Australia,,26.09.1998,,F. N. Rasmussen & al.,
DNA-C246,C246,Albidella oligococca,Albidella oligococca,Australia,,26.09.1998,,F. N. Rasmussen & al.,
DNA-C246,C246,Albidella oligococca,Albidella oligococca,Australia,,26.09.1998,,F. N. Rasmussen & al.,
DNA-C246,C246,Albidella oligococca,Albidella oligococca,Australia,,26.09.1998,,F. N. Rasmussen & al.,
DNA-C246,C246,Albidella oligococca,Albidella oligococca,Australia,,26.09.1998,,F. N. Rasmussen & al.,
DNA-C2504,C2504,Erythronium dens-canis,Erythronium dens-canis,France,,03.05.2009,,G. Petersen & J. Petersen,
DNA-C2544,C2544,Zostera marina,Zostera marina,Denmark,Denmark,06.09.2009,06-Sep-2009,A. Cuenca,A. Cuenca
DNA-C2574,C2574,Cymodocea nodosa,Cymodocea nodosa,Spain,,15.04.2010,,A. J?rgensen,
DNA-C2574,C2574,Cymodocea nodosa,Cymodocea nodosa,Spain,,15.04.2010,,A. J?rgensen,
DNA-C2574,C2574,Cymodocea nodosa,Cymodocea nodosa,Spain,,15.04.2010,,A. J?rgensen,
DNA-C2574,C2574,Cymodocea nodosa,Cymodocea nodosa,Spain,,15.04.2010,,A. J?rgensen,
DNA-C2574,C2574,Cymodocea nodosa,Cymodocea nodosa,Spain,,15.04.2010,,A. J?rgensen,
DNA-C2602,C2602,Halodule pinifolia,Halodule pinifolia,Philippines,,28.04.2010,,Fred Short,
DNA-C2602,C2602,Halodule pinifolia,Halodule pinifolia,Philippines,,28.04.2010,,Fred Short,
DNA-C2602,C2602,Halodule pinifolia,Halodule pinifolia,Philippines,,28.04.2010,,Fred Short,
DNA-C2602,C2602,Halodule pinifolia,Halodule pinifolia,Philippines,,28.04.2010,,Fred Short,
DNA-C2602,C2602,Halodule pinifolia,Halodule pinifolia,Philippines,,28.04.2010,,Fred Short,
DNA-C2602,C2602,Halodule pinifolia,Halodule pinifolia,Philippines,,28.04.2010,,Fred Short,
DNA-C2602,C2602,Halodule pinifolia,Halodule pinifolia,Philippines,,28.04.2010,,Fred Short,
DNA-C2607,C2607,Syringodium isoetifolium,Syringodium isoetifolium,Palau,,\N,,F. Short,
DNA-C2607,C2607,Syringodium isoetifolium,Syringodium isoetifolium,Palau,,\N,,F. Short,
DNA-C2609,C2609,Zostera marina,Zostera marina,United States,,\N,,F. Short,
DNA-C2611,C2611,Syringodium filiforme,Syringodium filiforme,Belize,,\N,,F.  Short,
DNA-C2611,C2611,Syringodium filiforme,Syringodium filiforme,Belize,,\N,,F.  Short,
DNA-C2611,C2611,Syringodium filiforme,Syringodium filiforme,Belize,,\N,,F.  Short,
DNA-C2611,C2611,Syringodium filiforme,Syringodium filiforme,Belize,,\N,,F.  Short,
DNA-C2611,C2611,Syringodium filiforme,Syringodium filiforme,Belize,,\N,,F.  Short,
DNA-C2633,C2633,Cymodocea rotundata,Cymodocea rotundata,Thailand,,01.12.2010,,Fred Short,
DNA-C2633,C2633,Cymodocea rotundata,Cymodocea rotundata,Thailand,,01.12.2010,,Fred Short,
DNA-C2633,C2633,Cymodocea rotundata,Cymodocea rotundata,Thailand,,01.12.2010,,Fred Short,
DNA-C2633,C2633,Cymodocea rotundata,Cymodocea rotundata,Thailand,,01.12.2010,,Fred Short,
DNA-C2633,C2633,Cymodocea rotundata,Cymodocea rotundata,Thailand,,01.12.2010,,Fred Short,
DNA-C2633,C2633,Cymodocea rotundata,Cymodocea rotundata,Thailand,,01.12.2010,,Fred Short,
DNA-C2634,C2634,Cymodocea rotundata,Cymodocea rotundata,Thailand,,20.11.2010,,Fred Short,
DNA-C2634,C2634,Cymodocea rotundata,Cymodocea rotundata,Thailand,,20.11.2010,,Fred Short,
DNA-C2634,C2634,Cymodocea rotundata,Cymodocea rotundata,Thailand,,20.11.2010,,Fred Short,
DNA-C2634,C2634,Cymodocea rotundata,Cymodocea rotundata,Thailand,,20.11.2010,,Fred Short,
DNA-C2634,C2634,Cymodocea rotundata,Cymodocea rotundata,Thailand,,20.11.2010,,Fred Short,
DNA-C2634,C2634,Cymodocea rotundata,Cymodocea rotundata,Thailand,,20.11.2010,,Fred Short,
DNA-C2639,C2639,Halodule pinifolia,Halodule pinifolia,Thailand,,15.12.2010,,A. Chamnansinp,
DNA-C2639,C2639,Halodule pinifolia,Halodule pinifolia,Thailand,,15.12.2010,,A. Chamnansinp,
DNA-C2639,C2639,Halodule pinifolia,Halodule pinifolia,Thailand,,15.12.2010,,A. Chamnansinp,
DNA-C2639,C2639,Halodule pinifolia,Halodule pinifolia,Thailand,,15.12.2010,,A. Chamnansinp,
DNA-C2639,C2639,Halodule pinifolia,Halodule pinifolia,Thailand,,15.12.2010,,A. Chamnansinp,
DNA-C2639,C2639,Halodule pinifolia,Halodule pinifolia,Thailand,,15.12.2010,,A. Chamnansinp,
DNA-C2725,C2725,Cycnogeton procerum,Cycnogeton procerum,Unknown or unspecified country,,\N,,Conran,
DNA-C2725,C2725,Cycnogeton procerum,Cycnogeton procerum,Unknown or unspecified country,,\N,,Conran,
DNA-C2725,C2725,Cycnogeton procerum,Cycnogeton procerum,Unknown or unspecified country,,\N,,Conran,
DNA-C2725,C2725,Cycnogeton procerum,Cycnogeton procerum,Unknown or unspecified country,,\N,,Conran,
DNA-C2725,C2725,Cycnogeton procerum,Cycnogeton procerum,Unknown or unspecified country,,\N,,Conran,
DNA-C2725,C2725,Cycnogeton procerum,Cycnogeton procerum,Unknown or unspecified country,,\N,,Conran,
DNA-C2725,C2725,Cycnogeton procerum,Cycnogeton procerum,Unknown or unspecified country,,\N,,Conran,
DNA-C2766,C2766,Aristolochia labiata,Aristolochia labiata,Brazil,,17.04.2012,,E. Kofoed,
DNA-C2766,C2766,Aristolochia labiata,Aristolochia labiata,Brazil,,17.04.2012,,E. Kofoed,
DNA-C2831,C2831,Amphibolis antarctica,Amphibolis antarctica,Australia,,12.03.2012,,G. Kendrick,
DNA-C2831,C2831,Amphibolis antarctica,Amphibolis antarctica,Australia,,12.03.2012,,G. Kendrick,
DNA-C2831,C2831,Amphibolis antarctica,Amphibolis antarctica,Australia,,12.03.2012,,G. Kendrick,
DNA-C2831,C2831,Amphibolis antarctica,Amphibolis antarctica,Australia,,12.03.2012,,G. Kendrick,
DNA-C2831,C2831,Amphibolis antarctica,Amphibolis antarctica,Australia,,12.03.2012,,G. Kendrick,
DNA-C2831,C2831,Amphibolis antarctica,Amphibolis antarctica,Australia,,12.03.2012,,G. Kendrick,
DNA-C2832,C2832,Amphibolis griffithii,Amphibolis griffithii,Australia,,12.03.2012,,G. Kendrick,
DNA-C368,C368,Crocus corsicus,Crocus corsicus,France,,\N,,G. Petersen,
DNA-C368,C368,Crocus corsicus,Crocus corsicus,France,,\N,,G. Petersen,
DNA-C368,C368,Crocus corsicus,Crocus corsicus,France,,\N,,G. Petersen,
DNA-C368,C368,Crocus corsicus,Crocus corsicus,France,,\N,,G. Petersen,
DNA-C368,C368,Crocus corsicus,Crocus corsicus,France,,\N,,G. Petersen,
DNA-C368,C368,Crocus corsicus,Crocus corsicus,France,,\N,,G. Petersen,
DNA-C368,C368,Crocus corsicus,Crocus corsicus,France,,\N,,G. Petersen,
DNA-C368,C368,Crocus corsicus,Crocus corsicus,France,,\N,,G. Petersen,
DNA-C520,C520,Philesia magellanica,Philesia magellanica,Argentina,,31.03.1999,,A. Rizzetto,
DNA-C520,C520,Philesia magellanica,Philesia magellanica,Argentina,,31.03.1999,,A. Rizzetto,
DNA-C520,C520,Philesia magellanica,Philesia magellanica,Argentina,,31.03.1999,,A. Rizzetto,
DNA-C522,C522,Scheuchzeria palustris,Scheuchzeria palustris,Denmark,,01.08.1999,,G. Petersen,
DNA-C522,C522,Scheuchzeria palustris,Scheuchzeria palustris,Denmark,,01.08.1999,,G. Petersen,
DNA-C522,C522,Scheuchzeria palustris,Scheuchzeria palustris,Denmark,,01.08.1999,,G. Petersen,
DNA-C522,C522,Scheuchzeria palustris,Scheuchzeria palustris,Denmark,,01.08.1999,,G. Petersen,
DNA-C522,C522,Scheuchzeria palustris,Scheuchzeria palustris,Denmark,,01.08.1999,,G. Petersen,
DNA-C522,C522,Scheuchzeria palustris,Scheuchzeria palustris,Denmark,,01.08.1999,,G. Petersen,
DNA-C522,C522,Scheuchzeria palustris,Scheuchzeria palustris,Denmark,,01.08.1999,,G. Petersen,
DNA-C522,C522,Scheuchzeria palustris,Scheuchzeria palustris,Denmark,,01.08.1999,,G. Petersen,
DNA-C522,C522,Scheuchzeria palustris,Scheuchzeria palustris,Denmark,,01.08.1999,,G. Petersen,
DNA-C524,C524,Hydrocharis morsus-ranae,Hydrocharis morsus-ranae,Denmark,,01.08.1999,,G. Petersen,
DNA-C524,C524,Hydrocharis morsus-ranae,Hydrocharis morsus-ranae,Denmark,,01.08.1999,,G. Petersen,
DNA-C524,C524,Hydrocharis morsus-ranae,Hydrocharis morsus-ranae,Denmark,,01.08.1999,,G. Petersen,
DNA-C524,C524,Hydrocharis morsus-ranae,Hydrocharis morsus-ranae,Denmark,,01.08.1999,,G. Petersen,
DNA-C753,C753,Agave bracteosa,Agave bracteosa,Mexico,,\N,,D. S.Verity,
DNA-C847,C847,Medeola virginiana,Medeola virginiana,United States,,29.07.2000,,F. Case,
DNA-C847,C847,Medeola virginiana,Medeola virginiana,United States,,29.07.2000,,F. Case,
DNA-C847,C847,Medeola virginiana,Medeola virginiana,United States,,29.07.2000,,F. Case,
DNA-C864,C864,Halophila ovalis,Halophila ovalis,Thailand,,19.12.2000,,A. Redsted Rasmussen,
DNA-C913,C913,Gagea spathacea,Gagea spathacea,Denmark,,06.05.2001,,G. Petersen,
P1995-5035,Cultivated plant P1995-5035 (C),Alstroemeria pallida,Alstroemeria pallida,Chile,,\N,,F & W,
P1995-5035,Cultivated plant P1995-5035 (C),Alstroemeria pallida,Alstroemeria pallida,Chile,,\N,,F & W,
P1995-5035,Cultivated plant P1995-5035 (C),Alstroemeria pallida,Alstroemeria pallida,Chile,,\N,,F & W,
P1995-5035,Cultivated plant P1995-5035 (C),Alstroemeria pallida,Alstroemeria pallida,Chile,,\N,,F & W,
P1995-5035,Cultivated plant P1995-5035 (C),Alstroemeria pallida,Alstroemeria pallida,Chile,,\N,,F & W,
B 10 0027072,B:Herbarium Berolinense:B 10 0027072,Chondrilla canescens,Chondrilla canescens,India,India,\N,1986-08-26,K. H. Rechinger,K. H. Rechinger
B 10 0096856,B:Herbarium Berolinense:B 10 0096856,Chondrilla lejosperma,Chondrilla lejosperma,Kyrgyzstan,"Kyrgyzstan: Tien-Shan, Issyk-Kul-Gebiet, Issyk-Kul-See, Ak-Sakji, Artemisisa-Ephedra-Steppe",\N,2002-07-25,T. Dürbye,T. Duerbye 1754
B 10 0096856,B:Herbarium Berolinense:B 10 0096856,Chondrilla lejosperma,Chondrilla lejosperma,Kyrgyzstan,"Kyrgyzstan: Tien-Shan, Issyk-Kul-Gebiet, Issyk-Kul-See, Ak-Sakji, Artemisisa-Ephedra-Steppe",\N,2002-07-25,T. Dürbye,T. Duerbye 1754
B 10 0096856,B:Herbarium Berolinense:B 10 0096856,Chondrilla lejosperma,Chondrilla lejosperma,Kyrgyzstan,"Kyrgyzstan: Tien-Shan, Issyk-Kul-Gebiet, Issyk-Kul-See, Ak-Sakji, Artemisisa-Ephedra-Steppe",\N,2002-07-25,T. Dürbye,T. Duerbye 1754
B 10 0096856,B:Herbarium Berolinense:B 10 0096856,Chondrilla lejosperma,Chondrilla lejosperma,Kyrgyzstan,"Kyrgyzstan: Tien-Shan, Issyk-Kul-Gebiet, Issyk-Kul-See, Ak-Sakji, Artemisisa-Ephedra-Steppe",\N,2002-07-25,T. Dürbye,T. Duerbye 1754
B 10 0096856,B:Herbarium Berolinense:B 10 0096856,Chondrilla lejosperma,Chondrilla lejosperma,Kyrgyzstan,"Kyrgyzstan: Tien-Shan, Issyk-Kul-Gebiet, Issyk-Kul-See, Ak-Sakji, Artemisisa-Ephedra-Steppe",\N,2002-07-25,T. Dürbye,T. Duerbye 1754
B 10 0142299,B:Herbarium Berolinense:B 10 0142299,Chondrilla ramosissima,Chondrilla ramosissima,Greece,Greece,\N,2003-10-01,"Willing,R. & Willing,E.",R. Willing & E. Willing
B 10 0158439,B 10 0158439,Scolymus grandiflorus,Scolymus grandiflorus,Morocco,Morocco,\N,,unclear,
B 10 0158439,B 10 0158439,Scolymus grandiflorus,Scolymus grandiflorus,Morocco,Morocco,\N,,unclear,
B 10 0158439,B 10 0158439,Scolymus grandiflorus,Scolymus grandiflorus,Morocco,Morocco,\N,,unclear,
B 10 0158439,B 10 0158439,Scolymus grandiflorus,Scolymus grandiflorus,Morocco,Morocco,\N,,unclear,
B 10 0158439,B 10 0158439,Scolymus grandiflorus,Scolymus grandiflorus,Morocco,Morocco,\N,,unclear,
B 10 0158440,B 10 0158440,Scolymus grandiflorus,Scolymus grandiflorus,Morocco,Morocco,\N,,unclear,
B 10 0158440,B 10 0158440,Scolymus grandiflorus,Scolymus grandiflorus,Morocco,Morocco,\N,,unclear,
B 10 0158440,B 10 0158440,Scolymus grandiflorus,Scolymus grandiflorus,Morocco,Morocco,\N,,unclear,
B 10 0158440,B 10 0158440,Scolymus grandiflorus,Scolymus grandiflorus,Morocco,Morocco,\N,,unclear,
B 10 0209163,B 10 0209163,Hymenonema graecum,Hymenonema graecum,Greece,Greece,\N,,\N,
B 10 0209163,B 10 0209163,Hymenonema graecum,Hymenonema graecum,Greece,Greece,\N,,\N,
B 10 0209163,B 10 0209163,Hymenonema graecum,Hymenonema graecum,Greece,Greece,\N,,\N,
B 10 0209163,B 10 0209163,Hymenonema graecum,Hymenonema graecum,Greece,Greece,\N,,\N,
B 10 0209163,B 10 0209163,Hymenonema graecum,Hymenonema graecum,Greece,Greece,\N,,\N,
B 10 0209165,B 10 0209165,Catananche montana,Catananche montana,Algeria,Algeria,\N,,\N,
B 10 0209165,B 10 0209165,Catananche montana,Catananche montana,Algeria,Algeria,\N,,\N,
B 10 0209165,B 10 0209165,Catananche montana,Catananche montana,Algeria,Algeria,\N,,\N,
B 10 0209165,B 10 0209165,Catananche montana,Catananche montana,Algeria,Algeria,\N,,\N,
B 10 0209165,B 10 0209165,Catananche montana,Catananche montana,Algeria,Algeria,\N,,\N,
B 10 0209168,B 10 0209168,Catananche arenaria,Catananche arenaria,Morocco,Morocco,\N,,\N,
B 10 0209168,B 10 0209168,Catananche arenaria,Catananche arenaria,Morocco,Morocco,\N,,\N,
B 10 0209168,B 10 0209168,Catananche arenaria,Catananche arenaria,Morocco,Morocco,\N,,\N,
B 10 0209168,B 10 0209168,Catananche arenaria,Catananche arenaria,Morocco,Morocco,\N,,\N,
B 10 0209168,B 10 0209168,Catananche arenaria,Catananche arenaria,Morocco,Morocco,\N,,\N,
B 10 0209169,B 10 0209169,Catananche arenaria,Catananche arenaria,Tunisia,Tunisia,\N,,R. Vogt & C. Oberprieler,
B 10 0209169,B 10 0209169,Catananche arenaria,Catananche arenaria,Tunisia,Tunisia,\N,,R. Vogt & C. Oberprieler,
B 10 0209169,B 10 0209169,Catananche arenaria,Catananche arenaria,Tunisia,Tunisia,\N,,R. Vogt & C. Oberprieler,
B 10 0209169,B 10 0209169,Catananche arenaria,Catananche arenaria,Tunisia,Tunisia,\N,,R. Vogt & C. Oberprieler,
B 10 0209169,B 10 0209169,Catananche arenaria,Catananche arenaria,Tunisia,Tunisia,\N,,R. Vogt & C. Oberprieler,
B 10 0209196,R. Eisenblaetter & E. Willing 2009D (B 10 0209196),Prenanthes purpurea,Prenanthes purpurea,Germany,,\N,,R. Eisenblätter & E. Willing,
B 10 0209196,R. Eisenblaetter & E. Willing 2009D (B 10 0209196),Prenanthes purpurea,Prenanthes purpurea,Germany,,\N,,R. Eisenblätter & E. Willing,
B 10 0209196,R. Eisenblaetter & E. Willing 2009D (B 10 0209196),Prenanthes purpurea,Prenanthes purpurea,Germany,,\N,,R. Eisenblätter & E. Willing,
B 10 0209196,R. Eisenblaetter & E. Willing 2009D (B 10 0209196),Prenanthes purpurea,Prenanthes purpurea,Germany,,\N,,R. Eisenblätter & E. Willing,
B 10 0209196,R. Eisenblaetter & E. Willing 2009D (B 10 0209196),Prenanthes purpurea,Prenanthes purpurea,Germany,,\N,,R. Eisenblätter & E. Willing,
B 10 0293563,B-10-0293563,Echinops hoehnelii,Echinops hoehnelii,Kenya,,\N,,I. Hagemann & R. Claßen,
B 10 0293574,B-10-0293574,Echinops amplexicaulis,Echinops amplexicaulis,Kenya,,\N,,R. B. Drummond & J. H. Hemsley,
B 10 0293586,B-10-0293586,Echinops longifolius,Echinops longifolius,Togo,,\N,,"U. Scholz, P. Koumassi, H. Kühn & H. Peuker",
B 10 0173875,B 10 0173875,Petrorhagia prolifera,Petrorhagia prolifera,Germany,"Germany:Berlin, Spandau. Staaken, Hahneberg, ehem. Grenzstreifen",\N,2007-06-09,T. Dürbye,T. Duerbye 3615
B 10 0173875,B 10 0173875,Petrorhagia prolifera,Petrorhagia prolifera,Germany,"Germany:Berlin, Spandau. Staaken, Hahneberg, ehem. Grenzstreifen",\N,2007-06-09,T. Dürbye,T. Duerbye 3615
B 10 0173875,B:Herbarium Berolinense:B 10 0173875,Petrorhagia prolifera,Petrorhagia prolifera,Germany,Germany,\N,2007-06-09,T. Dürbye,T. Duerbye
B 10 0209607,DNA bank network B 10 0209607,Pulmonaria officinalis,Pulmonaria officinalis,Germany,,\N,,T. Dürbye,
B 10 0209607,DNA bank network B 10 0209607,Pulmonaria officinalis,Pulmonaria officinalis,Germany,,\N,,T. Dürbye,
B 10 0209607,DNA bank network B 10 0209607,Pulmonaria officinalis,Pulmonaria officinalis,Germany,,\N,,T. Dürbye,
B 10 0209718,DNA bank network B 10 0209718,Eritrichium rupestre,Eritrichium rupestre,Russian Federation,,\N,,"B. Gemeinholzer, N. Enke & T. Dürbye",
B 10 0209718,DNA bank network B 10 0209718,Eritrichium rupestre,Eritrichium rupestre,Russian Federation,,\N,,"B. Gemeinholzer, N. Enke & T. Dürbye",
B 10 0340113,M. Ristow 718/08 (B 10 0340113),Lactuca tatarica,Lactuca tatarica,Germany,Germany:n.l.,\N,,M. Ristow,
B 10 0340113,M. Ristow 718/08 (B 10 0340113),Lactuca tatarica,Lactuca tatarica,Germany,,\N,,M. Ristow,
B 10 0340113,M. Ristow 718/08 (B 10 0340113),Lactuca tatarica,Lactuca tatarica,Germany,,\N,,M. Ristow,
B 10 0340113,M. Ristow 718/08 (B 10 0340113),Lactuca tatarica,Lactuca tatarica,Germany,,\N,,M. Ristow,
B 10 0340113,M. Ristow 718/08 (B 10 0340113),Lactuca tatarica,Lactuca tatarica,Germany,Germany,\N,,M. Ristow,
B 10 0340113,M. Ristow 718/08 (B 10 0340113),Lactuca tatarica,Lactuca tatarica,Germany,,\N,,M. Ristow,
B 10 0340113,M. Ristow 718/08 (B 10 0340113),Lactuca tatarica,Lactuca tatarica,Germany,,\N,,M. Ristow,
B 10 0340953,M. Ristow 14408 (B 10 0340953),Lactuca acanthifolia,Lactuca acanthifolia,Greece,Greece:Chalki. an der Strasse zwischen Pontamos und Chorio,\N,,M. Ristow,
B 10 0340953,M. Ristow 144-08 (B 10 0340953),Lactuca acanthifolia,Lactuca acanthifolia,Greece,,\N,,M. Ristow,
B 10 0340953,M. Ristow 144-08 (B 10 0340953),Lactuca acanthifolia,Lactuca acanthifolia,Greece,,\N,,M. Ristow,
B 10 0340953,M. Ristow 144-08 (B 10 0340953),Lactuca acanthifolia,Lactuca acanthifolia,Greece,,\N,,M. Ristow,
B 10 0340953,M. Ristow 144-08 (B 10 0340953),Lactuca acanthifolia,Lactuca acanthifolia,Greece,,\N,,M. Ristow,
B 10 0340953,M. Ristow 144-08 (B 10 0340953),Lactuca acanthifolia,Lactuca acanthifolia,Greece,,\N,,M. Ristow,
B 10 0340953,M. Ristow 144-08 (B 10 0340953),Lactuca acanthifolia,Lactuca acanthifolia,Greece,,\N,,M. Ristow,
B 10 0341165,"B. Gemeinholzer, N. Enke & T. Duerbye (B 10 0341165)",Lactuca tatarica,Lactuca tatarica,Russian Federation,,\N,,"B. Gemeinholzer, N. Enke & T. Dürbye",
B 10 0341165,"B. Gemeinholzer, N. Enke & T. Duerbye (B 10 0341165)",Lactuca tatarica,Lactuca tatarica,Russian Federation,"Russia:Siberia, Republik Altai. Distr. Ulagan",\N,,"B. Gemeinholzer, N. Enke & T. Dürbye",
B 10 0341165,"B. Gemeinholzer, N. Enke & T. Duebye (B 10 0341165)",Lactuca tatarica,Lactuca tatarica,Russian Federation,,\N,,"B. Gemeinholzer, N. Enke & T. Dürbye",
B 10 0341165,"B. Gemeinholzer, N. Enke and T. DDrybe (B 10 0341165)",Lactuca tatarica,Lactuca tatarica,Russian Federation,Russia,\N,,"B. Gemeinholzer, N. Enke & T. Dürbye",
B 10 0341165,"B. Gemeinholzer, N. Enke & T. Duerbye bg477a/07 (B 10 0341165)",Lactuca tatarica,Lactuca tatarica,Russian Federation,,\N,,"B. Gemeinholzer, N. Enke & T. Dürbye",
B 10 0341165,"B. Gemeinholzer, N. Enke & T. Duerbye bg477a/07 (B 10 0341165)",Lactuca tatarica,Lactuca tatarica,Russian Federation,Russia,\N,,"B. Gemeinholzer, N. Enke & T. Dürbye",
B 10 0341165,"B. Gemeinholzer, N. Enke & T. Duerbye bg477a/07 (B 10 0341165)",Lactuca tatarica,Lactuca tatarica,Russian Federation,,\N,,"B. Gemeinholzer, N. Enke & T. Dürbye",
B 10 0341165,"B. Gemeinholzer, N. Enke & T. Duerbye bg477a/07 (B 10 0341165)",Lactuca tatarica,Lactuca tatarica,Russian Federation,,\N,,"B. Gemeinholzer, N. Enke & T. Dürbye",
B 10 0341981,DNA bank network B 10 0341981,Asperugo procumbens,Asperugo procumbens,Germany,,\N,,"Dürbye,T. & Ketelhut,H.",
B 10 0341981,DNA bank network B 10 0341981,Asperugo procumbens,Asperugo procumbens,Germany,,\N,,"Dürbye,T. & Ketelhut,H.",
B 10 0341981,DNA bank network B 10 0341981,Asperugo procumbens,Asperugo procumbens,Germany,,\N,,"Dürbye,T. & Ketelhut,H.",
B GT 0002018,B:GT 0002018,Salix amplexicaulis,Salix amplexicaulis,Greece,Greece,\N,,"T. Raus, T. Dürbye & H. Ketelhut",
B GT 0002018,B Herbarium Berolinense B GT 0002018,Salix amplexicaulis,Salix amplexicaulis,Greece,Greece,\N,,"T. Raus, T. Dürbye & H. Ketelhut",
B GT 0002018,B Herbarium Berolinense B GT 0002018,Salix amplexicaulis,Salix amplexicaulis,Greece,Greece,\N,,"T. Raus, T. Dürbye & H. Ketelhut",
B 10 0326075,DNA bank network B 10 0326075,Alkanna tinctoria,Alkanna tinctoria,Greece,,\N,,"M. Ristow, S. Hochmuth & J. Schreiber",
B 10 0326075,DNA bank network B 10 0326075,Alkanna tinctoria,Alkanna tinctoria,Greece,,\N,,"M. Ristow, S. Hochmuth & J. Schreiber",
B 10 0326075,DNA bank network B 10 0326075,Alkanna tinctoria,Alkanna tinctoria,Greece,,\N,,"M. Ristow, S. Hochmuth & J. Schreiber",
B 10 0341563,B:10 0341563,Quercus aucheri,Quercus aucheri,Greece,Greece,\N,,"D. Lauterbach, H. Pfestorf & K. Bergholz",
B 10 0326957,B:10 0326957,Crocus cartwrightianus,Crocus cartwrightianus,Greece,,\N,,T. Raus & C. Schiers,
B 10 0011868,B:10 0011868,Crocus nevadensis,Crocus nevadensis,Spain,,\N,,F. J. Fernández Casas,
B 10 0011868,B:10 0011868,Crocus nevadensis,Crocus nevadensis,Spain,,\N,,F. J. Fernández Casas,
B 10 0011868,B:10 0011868,Crocus nevadensis,Crocus nevadensis,Spain,,\N,,F. J. Fernández Casas,
B 10 0011868,B:10 0011868,Crocus nevadensis,Crocus nevadensis,Spain,Spain,\N,,F. J. Fernández Casas,
B 10 0067551,B:10 0067551,Crocus nevadensis,Crocus nevadensis,Spain,,\N,,A. Granero & C. Fernández,
B 10 0067551,B:10 0067551,Crocus nevadensis,Crocus nevadensis,Spain,,\N,,A. Granero & C. Fernández,
B 10 0067551,B:10 0067551,Crocus nevadensis,Crocus nevadensis,Spain,,\N,,A. Granero & C. Fernández,
B 10 0067551,B:10 0067551,Crocus nevadensis,Crocus nevadensis,Spain,,\N,,A. Granero & C. Fernández,
B 10 0067551,B:10 0067551,Crocus nevadensis,Crocus nevadensis,Spain,,\N,,A. Granero & C. Fernández,
B 10 0067551,B:10 0067551,Crocus nevadensis,Crocus nevadensis,Spain,Spain,\N,,A. Granero & C. Fernández,
B 10 0112048,B:10 0112048,Crocus scardicus,Crocus scardicus,"Macedonia, Republic of",,\N,,W. Greuter,
B 10 0112048,B:10 0112048,Crocus scardicus,Crocus scardicus,"Macedonia, Republic of",,\N,,W. Greuter,
B 10 0112048,B:10 0112048,Crocus scardicus,Crocus scardicus,"Macedonia, Republic of",,\N,,W. Greuter,
B 10 0112048,B:10 0112048,Crocus scardicus,Crocus scardicus,"Macedonia, Republic of",Macedonia,\N,,W. Greuter,
B 10 0112048,B:10 0112048,Crocus scardicus,Crocus scardicus,"Macedonia, Republic of",,\N,,W. Greuter,
B 10 0260398,B:10 0260398,Crocus cyprius,Crocus cyprius,Cyprus,,\N,,R. Hand,
B 10 0260398,B:10 0260398,Crocus cyprius,Crocus cyprius,Cyprus,Greece,\N,,R. Hand,
B 10 0355313,B:10 0355313,Crocus pelistericus,Crocus pelistericus,Greece,Greece,\N,,A. Strid & K. Papanicolaou,
B 10 0355313,B:10 0355313,Crocus pelistericus,Crocus pelistericus,Greece,,\N,,A. Strid & K. Papanicolaou,
B 10 0355841,K.H. Rechinger 55980 (B 10 0355841),Lactuca rosularis,Lactuca rosularis,"Iran, Islamic Republic of",,\N,,"Renz,J. & Runemark,H.",
B 10 0355841,K.H. Rechinger 55980 (B 10 0355841),Lactuca rosularis,Lactuca rosularis,"Iran, Islamic Republic of",,\N,,"Renz,J. & Runemark,H.",
B 10 0355841,K.H. Rechinger 55980 (B 10 0355841),Lactuca rosularis,Lactuca rosularis,"Iran, Islamic Republic of",,\N,,"Renz,J. & Runemark,H.",
B 10 0355841,K.H. Rechinger 55980 (B 10 0355841),Lactuca rosularis,Lactuca rosularis,"Iran, Islamic Republic of",,\N,,"Renz,J. & Runemark,H.",
B 10 0355841,K.H. Rechinger 55980 (B 10 0355841),Lactuca rosularis,Lactuca rosularis,"Iran, Islamic Republic of",,\N,,"Renz,J. & Runemark,H.",
B 10 0355841,K.H. Rechinger 55980 (B 10 0355841),Lactuca rosularis,Lactuca rosularis,"Iran, Islamic Republic of",,\N,,"Renz,J. & Runemark,H.",
B 10 0356838,B 10 0356838,Campanula trachyphylla,Campanula trachyphylla,Turkey,,\N,,"Hein,P.",
B 10 0356838,B 10 0356838 Hein-244-4,Campanula trachyphylla,Campanula trachyphylla,Turkey,Turkey,\N,,"Hein,P.",
B 10 0356838,B 10 0356838 Hein-244-4,Campanula trachyphylla,Campanula trachyphylla,Turkey,,\N,,"Hein,P.",Turkey
B 10 0356838,B 10 0356838 Hein-244-4,Campanula trachyphylla,Campanula trachyphylla,Turkey,Turkey,\N,,"Hein,P.",
B 10 0356838,B 10 0356838 Hein-244-4,Campanula trachyphylla,Campanula trachyphylla,Turkey,Turkey,\N,,"Hein,P.",
B 10 0356838,B 10 0356838 Hein-244-4,Campanula trachyphylla,Campanula trachyphylla,Turkey,Turkey,\N,,"Hein,P.",
B 10 0356838,B 10 0356838 Hein-244-4,Campanula trachyphylla,Campanula trachyphylla,Turkey,Turkey,\N,,"Hein,P.",
B 10 0356838,B 10 0356838 Hein-244-4,Campanula trachyphylla,Campanula trachyphylla,Turkey,Turkey,\N,,"Hein,P.",
B 10 0457156,B 10 0457156,Campanula betulifolia,Campanula betulifolia,Turkey,,\N,,"Ikinci,N. & Ikinci,O.",
B 10 0457156,B 10 0457156 Ikinci & Ikinci-3685,Campanula betulifolia,Campanula betulifolia,Turkey,Turkey,\N,,"Ikinci,N. & Ikinci,O.",
B 10 0457156,B 10 0457156 Ikinci & Ikinci-3685,Campanula betulifolia,Campanula betulifolia,Turkey,Turkey,\N,,"Ikinci,N. & Ikinci,O.",
B 10 0457156,B 10 0457156 Ikinci & Ikinci-3685,Campanula betulifolia,Campanula betulifolia,Turkey,Turkey,\N,,"Ikinci,N. & Ikinci,O.",
B 10 0457156,B 10 0457156 Ikinci & Ikinci-3685,Campanula betulifolia,Campanula betulifolia,Turkey,Turkey,\N,,"Ikinci,N. & Ikinci,O.",
B 10 0457156,B 10 0457156 Ikinci & Ikinci-3685,Campanula betulifolia,Campanula betulifolia,Turkey,,\N,,"Ikinci,N. & Ikinci,O.",Turkey
B 10 0457156,B 10 0457156 Ikinci & Ikinci-3685,Campanula betulifolia,Campanula betulifolia,Turkey,Turkey,\N,,"Ikinci,N. & Ikinci,O.",
B 10 0457156,B 10 0457156 Ikinci & Ikinci-3685,Campanula betulifolia,Campanula betulifolia,Turkey,Turkey,\N,,"Ikinci,N. & Ikinci,O.",
B 10 0457156,B 10 0457156 Ikinci & Ikinci-3685,Campanula betulifolia,Campanula betulifolia,Turkey,Turkey,\N,,"Ikinci,N. & Ikinci,O.",
B 10 0209967,B 10 0209967,Campanula teucrioides,Campanula teucrioides,Turkey,,\N,,"Hein,P.",
